acceptance_rate,accepted,description,hint,input,limit,memory_limit,output,problem_id,saved_file,solved_users,source,submissions,time_limit,title,url
38.365%,551382,"두 정수 A와 B를 입력받은 다음, A+B를 출력하는 프로그램을 작성하시오.","여기
를 누르면 1000번 예제 소스를 볼 수 있습니다.","첫째 줄에 A와 B가 주어진다. (0 < A, B < 10)",,128 MB,첫째 줄에 A+B를 출력한다.,1000,OJ/archive/problem_1000_e95b3918045aca67.html,370768,"출처
문제를 만든 사람:
baekjoon
데이터를 추가한 사람:
doju
빠진 조건을 찾은 사람:
djm03178",1412604,2 초,A+B,https://www.acmicpc.net/problem/1000
68.935%,386588,"두 정수 A와 B를 입력받은 다음, A-B를 출력하는 프로그램을 작성하시오.",,"첫째 줄에 A와 B가 주어진다. (0 < A, B < 10)",,128 MB,첫째 줄에 A-B를 출력한다.,1001,OJ/archive/problem_1001_a20582138ff9fc66.html,319567,"출처
문제를 만든 사람:
baekjoon
빠진 조건을 찾은 사람:
djm03178",569809,2 초,A-B,https://www.acmicpc.net/problem/1001
23.407%,58036,"조규현과 백승환은 터렛에 근무하는 직원이다. 하지만 워낙 존재감이 없어서 인구수는 차지하지 않는다. 다음은 조규현과 백승환의 사진이다.
이석원은 조규현과 백승환에게 상대편 마린(류재명)의 위치를 계산하라는 명령을 내렸다. 조규현과 백승환은 각각 자신의 터렛 위치에서 현재 적까지의 거리를 계산했다.
조규현의 좌표 $(x_1, y_1)$와 백승환의 좌표 $(x_2, y_2)$가 주어지고, 조규현이 계산한 류재명과의 거리 $r_1$과 백승환이 계산한 류재명과의 거리 $r_2$가 주어졌을 때, 류재명이 있을 수 있는 좌표의 수를 출력하는 프로그램을 작성하시오.",,"첫째 줄에 테스트 케이스의 개수 $T$가 주어진다. 각 테스트 케이스는 다음과 같이 이루어져 있다.
한 줄에 공백으로 구분 된 여섯 정수 $x_1$, $y_1$, $r_1$, $x_2$, $y_2$, $r_2$가 주어진다.","$-10\,000 ≤ x_1, y_1, x_2, y_2 ≤ 10\,000$
$1 ≤ r_1, r_2 ≤ 10\,000$",128 MB,각 테스트 케이스마다 류재명이 있을 수 있는 위치의 수를 출력한다. 만약 류재명이 있을 수 있는 위치의 개수가 무한대일 경우에는 $-1$ 출력한다.,1002,OJ/archive/problem_1002_b279027b22c46502.html,45395,"출처
문제를 번역한 사람:
baekjoon
문제의 오타를 찾은 사람:
baemin0103
,
koyh1200
데이터를 추가한 사람:
doju",250489,2 초,터렛,https://www.acmicpc.net/problem/1002
34.973%,88871,"다음 소스는 N번째 피보나치 수를 구하는 C++ 함수이다.
int fibonacci(int n) {
 if (n == 0) {
 printf(""0"");
 return 0;
 } else if (n == 1) {
 printf(""1"");
 return 1;
 } else {
 return fibonacci(n‐1) + fibonacci(n‐2);
 }
}
fibonacci(3)
을 호출하면 다음과 같은 일이 일어난다.
fibonacci(3)
은
fibonacci(2)
와
fibonacci(1)
(첫 번째 호출)을 호출한다.
fibonacci(2)
는
fibonacci(1)
(두 번째 호출)과
fibonacci(0)
을 호출한다.
두 번째 호출한
fibonacci(1)
은 1을 출력하고 1을 리턴한다.
fibonacci(0)
은 0을 출력하고, 0을 리턴한다.
fibonacci(2)
는
fibonacci(1)
과
fibonacci(0)
의 결과를 얻고, 1을 리턴한다.
첫 번째 호출한
fibonacci(1)
은 1을 출력하고, 1을 리턴한다.
fibonacci(3)
은
fibonacci(2)
와
fibonacci(1)
의 결과를 얻고, 2를 리턴한다.
1은 2번 출력되고, 0은 1번 출력된다. N이 주어졌을 때,
fibonacci(N)
을 호출했을 때, 0과 1이 각각 몇 번 출력되는지 구하는 프로그램을 작성하시오.",,"첫째 줄에 테스트 케이스의 개수 T가 주어진다.
각 테스트 케이스는 한 줄로 이루어져 있고, N이 주어진다. N은 40보다 작거나 같은 자연수 또는 0이다.",,128 MB,각 테스트 케이스마다 0이 출력되는 횟수와 1이 출력되는 횟수를 공백으로 구분해서 출력한다.,1003,OJ/archive/problem_1003_d6ee0efba9a74961.html,70513,"출처
문제를 번역한 사람:
baekjoon
데이터를 추가한 사람:
connotation
,
doju
,
wonrok97
어색한 표현을 찾은 사람:
cyj101366",267996,0.25 초 (추가 시간 없음),피보나치 함수,https://www.acmicpc.net/problem/1003
47.880%,23524,"어린 왕자는 소혹성 B-664에서 자신이 사랑하는 한 송이 장미를 위해 살아간다. 어느 날 장미가 위험에 빠지게 된 것을 알게 된 어린 왕자는, 장미를 구하기 위해 은하수를 따라 긴 여행을 하기 시작했다. 하지만 어린 왕자의 우주선은 그렇게 좋지 않아서 행성계 간의 이동을 최대한 피해서 여행해야 한다. 아래의 그림은 어린 왕자가 펼쳐본 은하수 지도의 일부이다.
빨간 실선은 어린 왕자가 출발점에서 도착점까지 도달하는데 있어서 필요한 행성계 진입/이탈 횟수를 최소화하는 경로이며, 원은 행성계의 경계를 의미한다. 이러한 경로는 여러 개 존재할 수 있지만 적어도 3번의 행성계 진입/이탈이 필요하다는 것을 알 수 있다.
위와 같은 은하수 지도, 출발점, 도착점이 주어졌을 때 어린 왕자에게 필요한 최소의 행성계 진입/이탈 횟수를 구하는 프로그램을 작성해 보자. 행성계의 경계가 맞닿거나 서로 교차하는 경우는 없다. 또한, 출발점이나 도착점이 행성계 경계에 걸쳐진 경우 역시 입력으로 주어지지 않는다.",,"입력의 첫 줄에는 테스트 케이스의 개수 T가 주어진다. 그 다음 줄부터 각각의 테스트케이스에 대해 첫째 줄에 출발점 (x
1
, y
1
)과 도착점 (x
2
, y
2
)이 주어진다. 두 번째 줄에는 행성계의 개수 n이 주어지며, 세 번째 줄부터 n줄에 걸쳐 행성계의 중점과 반지름 (c
x
, c
y
, r)이 주어진다.","-1000 ≤ x
1
, y
1
, x
2
, y
2
, c
x
, c
y
≤ 1000
1 ≤ r ≤ 1000
1 ≤ n ≤ 50
좌표와 반지름은 모두 정수",128 MB,각 테스트 케이스에 대해 어린 왕자가 거쳐야 할 최소의 행성계 진입/이탈 횟수를 출력한다.,1004,OJ/archive/problem_1004_784e3622770dd00d.html,19977,"출처
문제를 번역한 사람:
AIAI
문제의 오타를 찾은 사람:
imgosari
,
jenny00513
,
jh05013
,
lentti
,
rdd6584
잘못된 번역을 찾은 사람:
ntopia",50148,2 초,어린 왕자,https://www.acmicpc.net/problem/1004
31.590%,28859,"서기 2012년! 드디어 2년간 수많은 국민들을 기다리게 한 게임 ACM Craft (Association of Construction Manager Craft)가 발매되었다.
이 게임은 지금까지 나온 게임들과는 다르게 ACM크래프트는 다이나믹한 게임 진행을 위해 건물을 짓는 순서가 정해져 있지 않다. 즉, 첫 번째 게임과 두 번째 게임이 건물을 짓는 순서가 다를 수도 있다. 매 게임시작 시 건물을 짓는 순서가 주어진다. 또한 모든 건물은 각각 건설을 시작하여 완성이 될 때까지 Delay가 존재한다.
위의 예시를 보자.
이번 게임에서는 다음과 같이 건설 순서 규칙이 주어졌다. 1번 건물의 건설이 완료된다면 2번과 3번의 건설을 시작할수 있다. (동시에 진행이 가능하다) 그리고 4번 건물을 짓기 위해서는 2번과 3번 건물이 모두 건설 완료되어야지만 4번건물의 건설을 시작할수 있다.
따라서 4번건물의 건설을 완료하기 위해서는 우선 처음 1번 건물을 건설하는데 10초가 소요된다. 그리고 2번 건물과 3번 건물을 동시에 건설하기 시작하면 2번은 1초뒤에 건설이 완료되지만 아직 3번 건물이 완료되지 않았으므로 4번 건물을 건설할 수 없다. 3번 건물이 완성되고 나면 그때 4번 건물을 지을수 있으므로 4번 건물이 완성되기까지는 총 120초가 소요된다.
프로게이머 최백준은 애인과의 데이트 비용을 마련하기 위해 서강대학교배 ACM크래프트 대회에 참가했다! 최백준은 화려한 컨트롤 실력을 가지고 있기 때문에 모든 경기에서 특정 건물만 짓는다면 무조건 게임에서 이길 수 있다. 그러나 매 게임마다 특정건물을 짓기 위한 순서가 달라지므로 최백준은 좌절하고 있었다. 백준이를 위해 특정건물을 가장 빨리 지을 때까지 걸리는 최소시간을 알아내는 프로그램을 작성해주자.",,"첫째 줄에는 테스트케이스의 개수 T가 주어진다. 각 테스트 케이스는 다음과 같이 주어진다. 첫째 줄에 건물의 개수 N과 건물간의 건설순서 규칙의 총 개수 K이 주어진다. (건물의 번호는 1번부터 N번까지 존재한다)
둘째 줄에는 각 건물당 건설에 걸리는 시간 D
1
, D
2
, ..., D
N
이 공백을 사이로 주어진다. 셋째 줄부터 K+2줄까지 건설순서 X Y가 주어진다. (이는 건물 X를 지은 다음에 건물 Y를 짓는 것이 가능하다는 의미이다)
마지막 줄에는 백준이가 승리하기 위해 건설해야 할 건물의 번호 W가 주어진다.","2 ≤ N ≤ 1000
1 ≤ K ≤ 100,000
1 ≤ X, Y, W ≤ N
0 ≤ D
i
≤ 100,000, D
i
는 정수",512 MB,"건물 W를 건설완료 하는데 드는 최소 시간을 출력한다. 편의상 건물을 짓는 명령을 내리는 데는 시간이 소요되지 않는다고 가정한다.
건설순서는 모든 건물이 건설 가능하도록 주어진다.",1005,OJ/archive/problem_1005_807e1a81cef69e63.html,20235,"출처
문제를 만든 사람:
author1
문제의 오타를 찾은 사람:
xivnick
잘못된 데이터를 찾은 사람:
tncks0121
잘못된 조건을 찾은 사람:
annaria
데이터를 추가한 사람:
djm03178
,
doju
,
minshogi
,
zzaa9898
빠진 조건을 찾은 사람:
yclock
어색한 표현을 찾은 사람:
gorisanson",93828,1 초,ACM Craft,https://www.acmicpc.net/problem/1005
21.688%,5104,"초라기는 한국의 비밀국방기지(원타곤)를 습격하라는 임무를 받은 특급요원이다. 원타곤의 건물은 도넛 형태이며, 초라기는 효율적인 타격 포인트를 정하기 위해 구역을 아래와 같이 두 개의 원 모양으로 나누었다. (그림의 숫자는 각 구역의 번호이다.)
초라기는 각각 W명으로 구성된 특수소대를 다수 출동시켜 모든 구역에 침투시킬 예정이며, 각 구역 별로 적이 몇 명씩 배치되어 있는지는 초라기가 모두 알고 있다. 특수소대를 아래 조건에 따라 침투 시킬 수 있다.
한 특수소대는 침투한 구역 외에, 인접한 한 구역 더 침투할 수 있다. (같은 경계를 공유하고 있으면 인접 하다고 한다. 위 그림에서 1구역은 2, 8, 9 구역과 서로 인접한 상태다.) 즉, 한 특수소대는 한 개 혹은 두 개의 구역을 커버할 수 있다.
특수소대끼리는 아군인지 적인지 구분을 못 하기 때문에, 각 구역은 하나의 소대로만 커버해야 한다.
한 특수소대가 커버하는 구역의 적들의 합은 특수소대원 수 W 보다 작거나 같아야 한다.
이때 초라기는 원타곤의 모든 구역을 커버하기 위해 침투 시켜야 할 특수 소대의 최소 개수를 알고 싶어 한다.","하나의 특수 소대로 인접한 두 영역을 커버할 수 있는 배치는 (2,10), (9,16), (4,5), (7,8), (13,14) 이다. 그리고 나머지 6개 구역은 각각 하나의 특수 소대로 커버할 수 있다. 그러므로 최소 11개 특수 소대를 침투시켜야 한다.","첫째 줄에 테스트 케이스의 개수 T가 주어진다. 각 테스트 케이스는 다음과 같이 구성되어있다.
첫째 줄에는 (구역의 개수)/2 값 N과 특수 소대원의 수 W가 주어진다. (1 ≤ N ≤ 10000, 1 ≤ W ≤ 10000).
둘째 줄에는 1~N번째 구역에 배치된 적의 수가 주어지고, 셋째 줄에는 N+1 ~ 2N번째 구역에 배치된 적의 수가 공백으로 구분되어 주어진다. (1 ≤ 각 구역에 배치된 최대 적의 수 ≤ 10000) 단, 한 구역에서 특수 소대원의 수보다 많은 적이 배치된 구역은 존재하지 않는다. (따라서, 각 구역에 배치된 최대 적의 수 ≤ W)",,512 MB,각 테스트케이스에 대해서 한 줄에 하나씩 원타곤의 모든 구역을 커버하기 위해 침투 시켜야 할 특수 소대의 최소 개수를 출력하시오.,1006,OJ/archive/problem_1006_798c2c196e7512f7.html,3335,"출처
문제를 번역한 사람:
wooyaggo
문제의 오타를 찾은 사람:
BaaaaaaaaaaarkingDog
,
jenny00513
,
joonas
데이터를 추가한 사람:
gs18115",26638,2 초,습격자 초라기,https://www.acmicpc.net/problem/1006
39.617%,6115,"평면 상에 N개의 점이 찍혀있고, 그 점을 집합 P라고 하자. 집합 P의 벡터 매칭은 벡터의 집합인데, 모든 벡터는 집합 P의 한 점에서 시작해서, 또 다른 점에서 끝나는 벡터의 집합이다. 또, P에 속하는 모든 점은 한 번씩 쓰여야 한다.
벡터 매칭에 있는 벡터의 개수는 P에 있는 점의 절반이다.
평면 상의 점이 주어졌을 때, 집합 P의 벡터 매칭에 있는 벡터의 합의 길이의 최솟값을 출력하는 프로그램을 작성하시오.",,"첫째 줄에 테스트 케이스의 개수 T가 주어진다. 각 테스트 케이스는 다음과 같이 구성되어있다.
테스트 케이스의 첫째 줄에 점의 개수 N이 주어진다. N은 짝수이다. 둘째 줄부터 N개의 줄에 점의 좌표가 주어진다. N은 20보다 작거나 같은 자연수이고, 좌표는 절댓값이 100,000보다 작거나 같은 정수다. 모든 점은 서로 다르다.",,512 MB,"각 테스트 케이스마다 정답을 출력한다. 절대/상대 오차는 10
-6
까지 허용한다.",1007,OJ/archive/problem_1007_3284a47ac55efbf4.html,4535,"출처
문제를 번역한 사람:
baekjoon
문제의 오타를 찾은 사람:
eric00513
,
jacob_1120",15840,2 초,벡터 매칭,https://www.acmicpc.net/problem/1007
34.667%,325220,"두 정수 A와 B를 입력받은 다음, A/B를 출력하는 프로그램을 작성하시오.",,"첫째 줄에 A와 B가 주어진다. (0 < A, B < 10)",,128 MB,"첫째 줄에 A/B를 출력한다. 실제 정답과 출력값의 절대오차 또는 상대오차가 10
-9
이하이면 정답이다.",1008,OJ/archive/problem_1008_d0c7d5e8abe0ec8a.html,267216,"출처
문제를 만든 사람:
baekjoon
빠진 조건을 찾은 사람:
djm03178
내용을 추가한 사람:
jh05013",950219,2 초,A/B,https://www.acmicpc.net/problem/1008
25.135%,35512,"재용이는 최신 컴퓨터 10대를 가지고 있다. 어느 날 재용이는 많은 데이터를 처리해야 될 일이 생겨서 각 컴퓨터에 1번부터 10번까지의 번호를 부여하고, 10대의 컴퓨터가 다음과 같은 방법으로 데이터들을 처리하기로 하였다.
1번 데이터는 1번 컴퓨터, 2번 데이터는 2번 컴퓨터, 3번 데이터는 3번 컴퓨터, ... ,
10번 데이터는 10번 컴퓨터, 11번 데이터는 1번 컴퓨터, 12번 데이터는 2번 컴퓨터, ...
총 데이터의 개수는 항상 a
b
개의 형태로 주어진다. 재용이는 문득 마지막 데이터가 처리될 컴퓨터의 번호가 궁금해졌다. 이를 수행해주는 프로그램을 작성하라.",,"입력의 첫 줄에는 테스트 케이스의 개수 T가 주어진다. 그 다음 줄부터 각각의 테스트 케이스에 대해 정수 a와 b가 주어진다. (1 ≤ a < 100, 1 ≤ b < 1,000,000)",,128 MB,각 테스트 케이스에 대해 마지막 데이터가 처리되는 컴퓨터의 번호를 출력한다.,1009,OJ/archive/problem_1009_8a5c070e9411dcb1.html,28961,"출처
문제를 만든 사람:
hellodj
데이터를 추가한 사람:
kjiwhan0120
,
sait2000",145209,1 초,분산처리,https://www.acmicpc.net/problem/1009
48.667%,65208,"재원이는 한 도시의 시장이 되었다. 이 도시에는 도시를 동쪽과 서쪽으로 나누는 큰 일직선 모양의 강이 흐르고 있다. 하지만 재원이는 다리가 없어서 시민들이 강을 건너는데 큰 불편을 겪고 있음을 알고 다리를 짓기로 결심하였다. 강 주변에서 다리를 짓기에 적합한 곳을 사이트라고 한다. 재원이는 강 주변을 면밀히 조사해 본 결과 강의 서쪽에는 N개의 사이트가 있고 동쪽에는 M개의 사이트가 있다는 것을 알았다. (N ≤ M)
재원이는 서쪽의 사이트와 동쪽의 사이트를 다리로 연결하려고 한다. (이때 한 사이트에는 최대 한 개의 다리만 연결될 수 있다.) 재원이는 다리를 최대한 많이 지으려고 하기 때문에 서쪽의 사이트 개수만큼 (N개) 다리를 지으려고 한다. 다리끼리는 서로 겹쳐질 수 없다고 할 때 다리를 지을 수 있는 경우의 수를 구하는 프로그램을 작성하라.",,"입력의 첫 줄에는 테스트 케이스의 개수 T가 주어진다. 그 다음 줄부터 각각의 테스트케이스에 대해 강의 서쪽과 동쪽에 있는 사이트의 개수 정수 N, M (0 < N ≤ M < 30)이 주어진다.",,128 MB,각 테스트 케이스에 대해 주어진 조건하에 다리를 지을 수 있는 경우의 수를 출력한다.,1010,OJ/archive/problem_1010_996f4d93163172eb.html,52847,"출처
문제를 만든 사람:
i274
데이터를 추가한 사람:
paraworld",136462,0.5 초 (추가 시간 없음),다리 놓기,https://www.acmicpc.net/problem/1010
32.808%,33880,"우현이는 어린 시절, 지구 외의 다른 행성에서도 인류들이 살아갈 수 있는 미래가 오리라 믿었다. 그리고 그가 지구라는 세상에 발을 내려 놓은 지 23년이 지난 지금, 세계 최연소 ASNA 우주 비행사가 되어 새로운 세계에 발을 내려 놓는 영광의 순간을 기다리고 있다.
그가 탑승하게 될 우주선은 Alpha Centauri라는 새로운 인류의 보금자리를 개척하기 위한 대규모 생활 유지 시스템을 탑재하고 있기 때문에, 그 크기와 질량이 엄청난 이유로 최신기술력을 총 동원하여 개발한 공간이동 장치를 탑재하였다. 하지만 이 공간이동 장치는 이동 거리를 급격하게 늘릴 경우 기계에 심각한 결함이 발생하는 단점이 있어서, 이전 작동시기에 k광년을 이동하였을 때는 k-1 , k 혹은 k+1 광년만을 다시 이동할 수 있다. 예를 들어, 이 장치를 처음 작동시킬 경우 -1 , 0 , 1 광년을 이론상 이동할 수 있으나 사실상 음수 혹은 0 거리만큼의 이동은 의미가 없으므로 1 광년을 이동할 수 있으며, 그 다음에는 0 , 1 , 2 광년을 이동할 수 있는 것이다. ( 여기서 다시 2광년을 이동한다면 다음 시기엔 1, 2, 3 광년을 이동할 수 있다. )
김우현은 공간이동 장치 작동시의 에너지 소모가 크다는 점을 잘 알고 있기 때문에 x지점에서 y지점을 향해 최소한의 작동 횟수로 이동하려 한다. 하지만 y지점에 도착해서도 공간 이동장치의 안전성을 위하여 y지점에 도착하기 바로 직전의 이동거리는 반드시 1광년으로 하려 한다.
김우현을 위해 x지점부터 정확히 y지점으로 이동하는데 필요한 공간 이동 장치 작동 횟수의 최솟값을 구하는 프로그램을 작성하라.",,"입력의 첫 줄에는 테스트케이스의 개수 T가 주어진다. 각각의 테스트 케이스에 대해 현재 위치 x 와 목표 위치 y 가 정수로 주어지며, x는 항상 y보다 작은 값을 갖는다. (0 ≤ x < y < 2
31
)",,512 MB,각 테스트 케이스에 대해 x지점으로부터 y지점까지 정확히 도달하는데 필요한 최소한의 공간이동 장치 작동 횟수를 출력한다.,1011,OJ/archive/problem_1011_bfea9dba7fc2da05.html,26765,"출처
문제를 번역한 사람:
AIAI
데이터를 추가한 사람:
iizuna",106824,2 초,Fly me to the Alpha Centauri,https://www.acmicpc.net/problem/1011
40.452%,105629,"차세대 영농인 한나는 강원도 고랭지에서 유기농 배추를 재배하기로 하였다. 농약을 쓰지 않고 배추를 재배하려면 배추를 해충으로부터 보호하는 것이 중요하기 때문에, 한나는 해충 방지에 효과적인 배추흰지렁이를 구입하기로 결심한다. 이 지렁이는 배추근처에 서식하며 해충을 잡아 먹음으로써 배추를 보호한다. 특히, 어떤 배추에 배추흰지렁이가 한 마리라도 살고 있으면 이 지렁이는 인접한 다른 배추로 이동할 수 있어, 그 배추들 역시 해충으로부터 보호받을 수 있다. 한 배추의 상하좌우 네 방향에 다른 배추가 위치한 경우에 서로 인접해있는 것이다.
한나가 배추를 재배하는 땅은 고르지 못해서 배추를 군데군데 심어 놓았다. 배추들이 모여있는 곳에는 배추흰지렁이가 한 마리만 있으면 되므로 서로 인접해있는 배추들이 몇 군데에 퍼져있는지 조사하면 총 몇 마리의 지렁이가 필요한지 알 수 있다. 예를 들어 배추밭이 아래와 같이 구성되어 있으면 최소 5마리의 배추흰지렁이가 필요하다. 0은 배추가 심어져 있지 않은 땅이고, 1은 배추가 심어져 있는 땅을 나타낸다.
1
1
0
0
0
0
0
0
0
0
0
1
0
0
0
0
0
0
0
0
0
0
0
0
1
0
0
0
0
0
0
0
0
0
1
0
0
0
0
0
0
0
1
1
0
0
0
1
1
1
0
0
0
0
1
0
0
1
1
1",,"입력의 첫 줄에는 테스트 케이스의 개수 T가 주어진다. 그 다음 줄부터 각각의 테스트 케이스에 대해 첫째 줄에는 배추를 심은 배추밭의 가로길이 M(1 ≤ M ≤ 50)과 세로길이 N(1 ≤ N ≤ 50), 그리고 배추가 심어져 있는 위치의 개수 K(1 ≤ K ≤ 2500)이 주어진다. 그 다음 K줄에는 배추의 위치 X(0 ≤ X ≤ M-1), Y(0 ≤ Y ≤ N-1)가 주어진다. 두 배추의 위치가 같은 경우는 없다.",,512 MB,각 테스트 케이스에 대해 필요한 최소의 배추흰지렁이 마리 수를 출력한다.,1012,OJ/archive/problem_1012_e97174c3a1e39c29.html,69532,"출처
문제를 만든 사람:
author2
데이터를 추가한 사람:
djm03178
빠진 조건을 찾은 사람:
jinsj1",245895,1 초,유기농 배추,https://www.acmicpc.net/problem/1012
37.679%,8323,"“무한히 넓은 저 우주에 인류만이 홀로 존재한다면, 그건 정말 슬픈 일이 아닐까요”
푸에르토리코 아레시보에 위치한 아레시보 전파망원경(Arecibo radio telescope)은 수십 년째 존재하지 않을 지도 모르는 외계 문명으로부터의 전파를 수신하기 위해 밤하늘을 바라보고 있다.
이 망원경이 수집한 전파 속에서 자연적으로 발생하기 힘든 패턴들을 찾아내어, 그것을 증거로 외계 문명의 존재 여부를 가리려는 노력은 줄곧 이어져왔지만 아직까지도 그러한 패턴은 발견되지 않았다. 한국 천문학계의 자존심 김동혁 박사는 국내 기술로 이러한 탐사를 진행하기 위하여 다음의 전파 표기를 표준으로 삼았다.
전파의 기본 단위는 { 0 , 1 } 두 가지로 구성되어있으며, x+ ( ) 는 임의의 개수(최소 1개) x의 반복으로 이루어진 전파의 집합을 나타낸다.
(xyx)+ ( ) 는 괄호 내의 xyx의 반복으로 이루어진 전파의 집합을 뜻한다. 아래는 이해를 돕기 위한 예제이다.
1+ = { 1, 11, 111, 1111, 11111, … }
10+ = { 10, 100, 1000, 10000, 100000, … }
(01)+ = { 01, 0101, 010101, 01010101, 0101010101, … }
(1001)+ = { 1001, 10011001, 100110011001, … }
10+11 = { 1011, 10011, 100011, 1000011, 10000011, … }
(10+1)+ = { 101, 1001, 10001, 1011001, 1001101, 100011011000001, … }
반복을 의미하는 + 외에도 or 를 의미하는 | 기호가 있다. { x | y } 는 x 혹은 y 를 의미하는 것으로, { 0+ | 1+ } 는 { 0 , 1 , 00 , 11 , 000 , 111 , … } 의 집합을 의미한다. 아래는 두 기호를 복합적으로 사용한 예이다.
(100 | 11)+ = { 100 , 11 , 10011 , 11100 , 1110011100 , 100111111100100, … }
최근 김동혁 박사는 아레시보 전파망원경에서 star Vega(직녀성) 으로부터 수신한 전파 기록의 일부를 조사하여 그 전파들의 패턴을 분석하여 아래와 같이 기록하였다.
(100+1+ | 01)+
김동혁 박사는 다양한 전파 기록 중에서 위의 패턴을 지니는 전파를 가려내는 프로그램을 필요로 한다. 이를 수행할 수 있는 프로그램을 작성하라.",,"입력의 첫 줄에는 테스트 케이스의 개수 T가 주어진다. 그 다음 줄부터 각각의 테스트 케이스에 대해 전파를 표현하는, { 0, 1 }만으로 이루어진 문자열이 공백 없이 주어진다. 문자열 길이는 (1 ≤ N ≤ 200)의 범위를 갖는다.",,512 MB,각 테스트 케이스에 대해 주어진 전파가 문제에서 제시한 패턴이면 “YES”를 그렇지 않은 경우는 “NO”를 출력한다. 출력 문자열은 모두 대문자로 구성되어 있다.,1013,OJ/archive/problem_1013_4c98da4062544a3f.html,6720,"출처
데이터를 추가한 사람:
bumsoo0515
,
tkddn5623
,
xhdtlsid2
문제를 각색한 사람:
AIAI",22384,2 초,Contact,https://www.acmicpc.net/problem/1013
49.224%,4142,"최백준은 서강대학교에서 “컨닝의 기술”이라는 과목을 가르치고 있다. 이 과목은 상당히 까다롭기로 정평이 나있기 때문에, 몇몇 학생들은 시험을 보는 도중에 다른 사람의 답지를 베끼려 한다.
시험은 N행, M열 크기의 직사각형 교실에서 이루어진다. 교실은 1×1 크기의 단위 정사각형으로 이루어져 있는데, 각 단위 정사각형은 자리 하나를 의미한다.
최백준은 컨닝을 방지하기 위해서 다음과 같은 전략을 세웠다. 모든 학생은 자신의 왼쪽, 오른쪽, 왼쪽 대각선 위, 오른쪽 대각선 위, 이렇게 총 네 자리에 앉아있는 친구의 답지를 항상 베낀다고 가정한다. 따라서, 자리 배치는 모든 학생이 컨닝을 할 수 없도록 배치되어야 한다.
위의 그림을 보자. A, C, D 혹은 E에 다른 학생을 앉히는 것은 좋은 생각이 아니다. 그 이유는 이미 앉아있는 학생이 그들의 답안지를 베낄 우려가 있기 때문이다. 하지만, B에 다른 학생을 앉힌다면, 두 학생은 서로의 답지를 베낄 수 없어 컨닝의 우려가 없다.
위와 같이 컨닝이 불가능하도록 자리를 배치 하려는 최백준의 행동에 분노한 일부 학생들이 교실의 책상을 부숴버렸기 때문에, 일부 자리에는 학생이 앉을 수 없다.
최백준은 교실의 모양이 주어졌을 때, 이 곳에서 아무도 컨닝을 할 수 없도록 학생을 배치하였을 경우에 교실에 배치할 수 있는 최대 학생 수가 몇 명인지 궁금해졌다. 최백준을 위해 이를 구하는 프로그램을 작성하라.",,"입력의 첫 줄에는 테스트케이스의 개수 C가 주어진다. 각각의 테스트 케이스는 아래와 같이 두 부분으로 이루어진다.
첫 번째 부분에서는 교실의 세로길이 N과 가로길이 M이 한 줄에 주어진다. (1 ≤ M ≤ 10, 1 ≤ N ≤ 10)
두 번째 부분에서는 정확하게 N줄이 주어진다. 그리고 각 줄은 M개의 문자로 이루어져있다. 모든 문자는
‘.’
(앉을 수 있는 자리) 또는
‘x’
(앉을 수 없는 자리, 소문자)로 구성된다.",,512 MB,각각의 테스트 케이스에 대해 그 교실에서 시험을 볼 수 있는 최대 학생의 수를 출력한다.,1014,OJ/archive/problem_1014_a889426b22f33ba9.html,3107,"출처
Contest
>
Google
>
Code Jam
>
Google Code Jam 2008
>
Round 3
C1번
문제를 번역한 사람:
baekjoon
문제의 오타를 찾은 사람:
djm03178
,
jake0713",10833,2 초,컨닝,https://www.acmicpc.net/problem/1014
58.429%,11419,"P[0], P[1], ...., P[N-1]은 0부터 N-1까지(포함)의 수를 한 번씩 포함하고 있는 수열이다. 수열 P를 길이가 N인 배열 A에 적용하면 길이가 N인 배열 B가 된다. 적용하는 방법은 B[P[i]] = A[i]이다.
배열 A가 주어졌을 때, 수열 P를 적용한 결과가 비내림차순이 되는 수열을 찾는 프로그램을 작성하시오. 비내림차순이란, 각각의 원소가 바로 앞에 있는 원소보다 크거나 같을 경우를 말한다. 만약 그러한 수열이 여러개라면 사전순으로 앞서는 것을 출력한다.",,"첫째 줄에 배열 A의 크기 N이 주어진다. 둘째 줄에는 배열 A의 원소가 0번부터 차례대로 주어진다. N은 50보다 작거나 같은 자연수이고, 배열의 원소는 1,000보다 작거나 같은 자연수이다.",,128 MB,첫째 줄에 비내림차순으로 만드는 수열 P를 출력한다.,1015,OJ/archive/problem_1015_ddafacddd1c4e6a8.html,9902,"출처
문제를 번역한 사람:
baekjoon
잘못된 조건을 찾은 사람:
dareka",20444,2 초,수열 정렬,https://www.acmicpc.net/problem/1015
23.456%,17203,"어떤 정수 X가 1보다 큰 제곱수로 나누어 떨어지지 않을 때, 그 수를 제곱ㄴㄴ수라고 한다. 제곱수는 정수의 제곱이다. min과 max가 주어지면, min보다 크거나 같고, max보다 작거나 같은 제곱ㄴㄴ수가 몇 개 있는지 출력한다.",,첫째 줄에 두 정수 min과 max가 주어진다.,"1 ≤ min ≤ 1,000,000,000,000
min ≤ max ≤ min + 1,000,000",512 MB,"첫째 줄에 min보다 크거나 같고, max보다 작거나 같은 제곱ㄴㄴ수의 개수를 출력한다.",1016,OJ/archive/problem_1016_3bb951c2d30c359d.html,12369,"출처
문제를 번역한 사람:
baekjoon",80431,2 초,제곱 ㄴㄴ 수,https://www.acmicpc.net/problem/1016
30.449%,4085,"지민이는 수의 리스트가 있을 때, 이를 짝지어 각 쌍의 합이 소수가 되게 하려고 한다. 예를 들어, {1, 4, 7, 10, 11, 12}가 있다고 하자. 지민이는 다음과 같이 짝지을 수 있다.
1 + 4 = 5, 7 + 10 = 17, 11 + 12 = 23
또는
1 + 10 = 11, 4 + 7 = 11, 11 + 12 = 23
수의 리스트가 주어졌을 때, 지민이가 모든 수를 다 짝지었을 때, 첫 번째 수와 어떤 수를 짝지었는지 오름차순으로 출력하는 프로그램을 작성하시오. 위의 예제에서 1 + 12 = 13으로 소수이다. 그러나, 남은 4개의 수를 합이 소수가 되게 짝지을 수 있는 방법이 없다. 따라서 위의 경우 정답은 4, 10이다.",,"첫째 줄에 리스트의 크기 N이 주어진다. N은 50보다 작거나 같은 자연수이며, 짝수이다. 둘째 줄에 리스트에 들어있는 수가 주어진다. 리스트에 들어있는 수는 1,000보다 작거나 같은 자연수이며, 중복되지 않는다.",,128 MB,첫째 줄에 정답을 출력한다. 없으면 -1을 출력한다.,1017,OJ/archive/problem_1017_59201fe747e2edd4.html,3202,"출처
문제를 번역한 사람:
baekjoon
문제의 오타를 찾은 사람:
goooora
,
hihihi
데이터를 추가한 사람:
jhjh9501
빠진 조건을 찾은 사람:
kookmin20103324",14775,2 초,소수 쌍,https://www.acmicpc.net/problem/1017
51.373%,85638,"지민이는 자신의 저택에서 MN개의 단위 정사각형으로 나누어져 있는 M×N 크기의 보드를 찾았다. 어떤 정사각형은 검은색으로 칠해져 있고, 나머지는 흰색으로 칠해져 있다. 지민이는 이 보드를 잘라서 8×8 크기의 체스판으로 만들려고 한다.
체스판은 검은색과 흰색이 번갈아서 칠해져 있어야 한다. 구체적으로, 각 칸이 검은색과 흰색 중 하나로 색칠되어 있고, 변을 공유하는 두 개의 사각형은 다른 색으로 칠해져 있어야 한다. 따라서 이 정의를 따르면 체스판을 색칠하는 경우는 두 가지뿐이다. 하나는 맨 왼쪽 위 칸이 흰색인 경우, 하나는 검은색인 경우이다.
보드가 체스판처럼 칠해져 있다는 보장이 없어서, 지민이는 8×8 크기의 체스판으로 잘라낸 후에 몇 개의 정사각형을 다시 칠해야겠다고 생각했다. 당연히 8*8 크기는 아무데서나 골라도 된다. 지민이가 다시 칠해야 하는 정사각형의 최소 개수를 구하는 프로그램을 작성하시오.",,"첫째 줄에 N과 M이 주어진다. N과 M은 8보다 크거나 같고, 50보다 작거나 같은 자연수이다. 둘째 줄부터 N개의 줄에는 보드의 각 행의 상태가 주어진다. B는 검은색이며, W는 흰색이다.",,128 MB,첫째 줄에 지민이가 다시 칠해야 하는 정사각형 개수의 최솟값을 출력한다.,1018,OJ/archive/problem_1018_6c3a27f0fa29580c.html,67958,"출처
문제를 번역한 사람:
baekjoon
데이터를 추가한 사람:
barkstone2
,
jh05013
문제를 다시 작성한 사람:
jh05013",165869,2 초,체스판 다시 칠하기,https://www.acmicpc.net/problem/1018
44.123%,8737,"지민이는 전체 페이지의 수가 N인 책이 하나 있다. 첫 페이지는 1 페이지이고, 마지막 페이지는 N 페이지이다. 각 숫자가 전체 페이지 번호에서 모두 몇 번 나오는지 구해보자.",,"첫째 줄에 N이 주어진다. N은 1,000,000,000보다 작거나 같은 자연수이다.",,128 MB,"첫째 줄에 0이 총 몇 번 나오는지, 1이 총 몇 번 나오는지, ..., 9가 총 몇 번 나오는지를 공백으로 구분해 출력한다.",1019,OJ/archive/problem_1019_523f18976ee812c8.html,7148,"출처
문제를 번역한 사람:
baekjoon",24928,2 초,책 페이지,https://www.acmicpc.net/problem/1019
31.688%,1001,"지민이는 매 초마다 수가 증가하는 N자리의 디지털 카운터를 가지고 있다. 카운터에 나오는 수는 순환된다. 10
N
-1의 다음에 이르면 다시 0부터 시작한다.
각 숫자는 다음과 같은 7개의 선분으로 이루어져 있다.
+ +---+ +---+ + + +---+
 | | | | | |
 + +---+ +---+ +---+ +---+
 | | | | |
 + +---+ +---+ + +---+

+---+ +---+ +---+ +---+ +---+
| | | | | | | |
+---+ + +---+ +---+ + +
| | | | | | | |
+---+ + +---+ + +---+
모든 인접한 두 개의 선분은 +로 이어져 있다. 예를 들어, 1은 두 개의 선분, 9는 다섯 개의 선분으로 이루어져 있다.
현재 카운터에 나와있는 숫자가 주어진다. 그럴 때, 현재 나와있는 숫자의 선분의 개수와 같은 숫자는 최소 몇 초가 지나야 나오는지 구하는 프로그램을 작성하시오.
1, 2, ..., 9, 그리고 0은 모두 2, 5, 5, 4, 5, 6, 3, 7, 5, 6개의 선분으로 이루어져 있고, 모든 수는 N자리를 채워야 하므로, N자리보다 작을 때는 앞에 0이 있을 수도 있다.",,"첫째 줄에 현재 카운터에 나와있는 수가 주어진다. N은 그 수의 길이와 같다. (수가 0으로 시작할 수도 있음) 그리고, N은 15보다 작거나 같은 자연수이다.",,128 MB,첫째 줄에 최소 몇 초가 지나야 현재 카운터에 나와 있는 수와 선분의 개수가 같아지는지 출력한다.,1020,OJ/archive/problem_1020_025fe340731c32e2.html,809,"출처
문제를 번역한 사람:
baekjoon",4733,2 초,디지털 카운터,https://www.acmicpc.net/problem/1020
62.730%,35678,"지민이는 N개의 원소를 포함하고 있는 양방향 순환 큐를 가지고 있다. 지민이는 이 큐에서 몇 개의 원소를 뽑아내려고 한다.
지민이는 이 큐에서 다음과 같은 3가지 연산을 수행할 수 있다.
첫 번째 원소를 뽑아낸다. 이 연산을 수행하면, 원래 큐의 원소가 a
1
, ..., a
k
이었던 것이 a
2
, ..., a
k
와 같이 된다.
왼쪽으로 한 칸 이동시킨다. 이 연산을 수행하면, a
1
, ..., a
k
가 a
2
, ..., a
k
, a
1
이 된다.
오른쪽으로 한 칸 이동시킨다. 이 연산을 수행하면, a
1
, ..., a
k
가 a
k
, a
1
, ..., a
k-1
이 된다.
큐에 처음에 포함되어 있던 수 N이 주어진다. 그리고 지민이가 뽑아내려고 하는 원소의 위치가 주어진다. (이 위치는 가장 처음 큐에서의 위치이다.) 이때, 그 원소를 주어진 순서대로 뽑아내는데 드는 2번, 3번 연산의 최솟값을 출력하는 프로그램을 작성하시오.",,"첫째 줄에 큐의 크기 N과 뽑아내려고 하는 수의 개수 M이 주어진다. N은 50보다 작거나 같은 자연수이고, M은 N보다 작거나 같은 자연수이다. 둘째 줄에는 지민이가 뽑아내려고 하는 수의 위치가 순서대로 주어진다. 위치는 1보다 크거나 같고, N보다 작거나 같은 자연수이다.",,128 MB,첫째 줄에 문제의 정답을 출력한다.,1021,OJ/archive/problem_1021_0489badcd9b7703e.html,28928,"출처
문제를 번역한 사람:
baekjoon
문제의 오타를 찾은 사람:
dhdh6190
데이터를 추가한 사람:
djm03178",58310,2 초,회전하는 큐,https://www.acmicpc.net/problem/1021
31.211%,5575,"크기가 무한인 정사각형 모눈종이가 있다. 모눈종이의 각 정사각형은 행과 열의 쌍으로 표현할 수 있다.
이 모눈종이 전체를 양의 정수의 소용돌이 모양으로 채울 것이다. 일단 숫자 1을 0행 0열에 쓴다. 그리고 나서 0행 1열에 숫자 2를 쓴다. 거기서 부터 소용돌이는 반시계 방향으로 시작된다. 다음 숫자는 다음과 같이 채우면 된다.
-3 -2 -1 0 1 2 3
 --------------------
-3 |37 36 35 34 33 32 31
-2 |38 17 16 15 14 13 30
-1 |39 18 5 4 3 12 29
 0 |40 19 6 1 2 11 28
 1 |41 20 7 8 9 10 27
 2 |42 21 22 23 24 25 26
 3 |43 44 45 46 47 48 49
이 문제는 위와 같이 채운 것을 예쁘게 출력하면 된다. r
1
, c
1
, r
2
, c
2
가 입력으로 주어진다. r
1
, c
1
은 가장 왼쪽 위 칸이고, r
2
, c
2
는 가장 오른쪽 아래 칸이다.
예쁘게 출력한다는 것은 다음과 같이 출력하는 것이다.
출력은 r
1
행부터 r
2
행까지 차례대로 출력한다.
각 원소는 공백으로 구분한다.
모든 행은 같은 길이를 가져야 한다.
공백의 길이는 최소로 해야 한다.
모든 숫자의 길이(앞에 붙는 공백을 포함)는 같아야 한다.
만약 수의 길이가 가장 길이가 긴 수보다 작다면, 왼쪽에서부터 공백을 삽입해 길이를 맞춘다.",,"첫째 줄에 네 정수 r
1
, c
1
, r
2
, c
2
가 주어진다.","-5 000 ≤ r
1
, c
1
, r
2
, c
2
≤ 5,000
0 ≤ r
2
- r
1
≤ 49
0 ≤ c
2
- c
1
≤ 4",128 MB,"r
2
- r
1
+ 1개의 줄에 소용돌이를 예쁘게 출력한다.",1022,OJ/archive/problem_1022_c3a7adc10a41edc0.html,4324,"출처
문제를 번역한 사람:
baekjoon
문제의 오타를 찾은 사람:
yeop94
빠진 조건을 찾은 사람:
myungwoo
어색한 표현을 찾은 사람:
lobo_prix",18844,2 초,소용돌이 예쁘게 출력하기,https://www.acmicpc.net/problem/1022
37.014%,1262,"괄호 문자열은 다음과 같이 정의 한다.
빈 문자열은 괄호 문자열이다.
S
가 괄호 문자열일 때,
(S)
도 괄호 문자열이다.
S
와
T
가 괄호 문자열이라면,
ST
도 괄호 문자열이다.
모든 괄호 문자열은 위의 3개 규칙으로만 만들 수 있다.
이 문제에서는 괄호 문자열이 아닌 문자열이 나온다. 만약 문자열이 ‘
(
’와 ‘
)
’로만 이루어져 있고, 괄호 문자열이 아니라면, 그 문자열을 괄호ㄴㄴ문자열이라고 한다.
길이가 N인 괄호ㄴㄴ문자열 중에 사전순으로 K번째인 문자열을 출력하는 프로그램을 작성하시오. 그러한 것이 없으면 -1을 출력한다. ‘
(
’가 ‘
)
’보다 사전순으로 앞선다. 사전순으로 가장 앞서는 문자열은 $0$번째 문자열이다.",,첫째 줄에 두 정수 N과 K가 주어진다.,"1 ≤ N ≤ 50
0 ≤ K ≤ 2
N
- 1",128 MB,첫째 줄에 문제의 정답을 출력한다.,1023,OJ/archive/problem_1023_fc45dc8fa76f0b28.html,1019,"출처
문제를 번역한 사람:
baekjoon
빠진 조건을 찾은 사람:
namnamseo",4371,2 초,괄호 문자열,https://www.acmicpc.net/problem/1023
32.177%,9658,"N과 L이 주어질 때, 합이 N이면서, 길이가 적어도 L인 가장 짧은 연속된 음이 아닌 정수 리스트를 구하는 프로그램을 작성하시오.",,"첫째 줄에 N과 L이 주어진다. N은 1,000,000,000보다 작거나 같은 자연수이고, L은 2보다 크거나 같고, 100보다 작거나 같은 자연수이다.",,128 MB,"만약 리스트의 길이가 100보다 작거나 같으면, 연속된 수를 첫째 줄에 공백으로 구분하여 출력한다. 만약 길이가 100보다 크거나 그러한 수열이 없을 때는 -1을 출력한다.",1024,OJ/archive/problem_1024_fc9d152e03fc3ac2.html,8191,"출처
문제를 번역한 사람:
baekjoon
문제의 오타를 찾은 사람:
wkd48632",31944,2 초,수열의 합,https://www.acmicpc.net/problem/1024
37.824%,4655,"N행 M열의 표 A가 있고, 표의 각 칸에는 숫자가 하나씩 적혀있다.
연두는 서로 다른 1개 이상의 칸을 선택하려고 하는데, 행의 번호가 선택한 순서대로 등차수열을 이루고 있어야 하고, 열의 번호도 선택한 순서대로 등차수열을 이루고 있어야 한다. 이렇게 선택한 칸에 적힌 수를 순서대로 이어붙이면 정수를 하나 만들 수 있다.
연두가 만들 수 있는 정수 중에서 가장 큰 완전 제곱수를 구해보자. 완전 제곱수란 어떤 정수를 제곱한 수이다.",,"첫째 줄에 N, M이 주어진다. 둘째 줄부터 N개의 줄에는 표에 적힌 숫자가 1번 행부터 N번 행까지 순서대로 한 줄에 한 행씩 주어진다. 한 행에 적힌 숫자는 1번 열부터 M번 열까지 순서대로 주어지고, 공백없이 모두 붙여져 있다.","1 ≤ N, M ≤ 9
표에 적힌 숫자는 0보다 크거나 같고, 9보다 작거나 같다.",128 MB,"첫째 줄에 연두가 만들 수 있는 가장 큰 완전 제곱수를 출력한다. 만약, 완전 제곱수를 만들 수 없는 경우에는 -1을 출력한다.",1025,OJ/archive/problem_1025_4d1f2148b74e9176.html,3821,"출처
문제를 번역한 사람:
baekjoon
문제의 오타를 찾은 사람:
kks227
빠진 조건을 찾은 사람:
myungwoo",12398,2 초,제곱수 찾기,https://www.acmicpc.net/problem/1025
70.862%,54264,"옛날 옛적에 수학이 항상 큰 골칫거리였던 나라가 있었다. 이 나라의 국왕 김지민은 다음과 같은 문제를 내고 큰 상금을 걸었다.
길이가 N인 정수 배열 A와 B가 있다. 다음과 같이 함수 S를 정의하자.
S = A[0] × B[0] + ... + A[N-1] × B[N-1]
S의 값을 가장 작게 만들기 위해 A의 수를 재배열하자. 단, B에 있는 수는 재배열하면 안 된다.
S의 최솟값을 출력하는 프로그램을 작성하시오.","예제 1의 경우 A를 {1, 1, 0, 1, 6}과 같이 재배열하면 된다.","첫째 줄에 N이 주어진다. 둘째 줄에는 A에 있는 N개의 수가 순서대로 주어지고, 셋째 줄에는 B에 있는 수가 순서대로 주어진다. N은 50보다 작거나 같은 자연수이고, A와 B의 각 원소는 100보다 작거나 같은 음이 아닌 정수이다.",,128 MB,첫째 줄에 S의 최솟값을 출력한다.,1026,OJ/archive/problem_1026_59f540c38a0f73fa.html,45945,"출처
문제를 번역한 사람:
baekjoon",78350,2 초,보물,https://www.acmicpc.net/problem/1026
49.202%,7966,"세준시에는 고층 빌딩이 많다. 세준시의 서민 김지민은 가장 많은 고층 빌딩이 보이는 고층 빌딩을 찾으려고 한다. 빌딩은 총 N개가 있는데, 빌딩은 선분으로 나타낸다. i번째 빌딩 (1부터 시작)은 (i,0)부터 (i,높이)의 선분으로 나타낼 수 있다. 고층 빌딩 A에서 다른 고층 빌딩 B가 볼 수 있는 빌딩이 되려면, 두 지붕을 잇는 선분이 A와 B를 제외한 다른 고층 빌딩을 지나거나 접하지 않아야 한다. 가장 많은 고층 빌딩이 보이는 빌딩을 구하고, 거기서 보이는 빌딩의 수를 출력하는 프로그램을 작성하시오.",,"첫째 줄에 빌딩의 수 N이 주어진다. N은 50보다 작거나 같은 자연수이다. 둘째 줄에 1번 빌딩부터 그 높이가 주어진다. 높이는 1,000,000,000보다 작거나 같은 자연수이다.",,128 MB,첫째 줄에 문제의 정답을 출력한다.,1027,OJ/archive/problem_1027_fde38031e2a194fa.html,6840,"출처
문제를 번역한 사람:
baekjoon",17062,2 초,고층 건물,https://www.acmicpc.net/problem/1027
27.411%,3448,"다이아몬드 광산은 0과 1로 이루어진 R행*C열 크기의 배열이다.
다이아몬드는 1로 이루어진 정사각형의 경계선을 45도 회전시킨 모양이다. 크기가 1, 2, 3인 다이아몬드 모양은 다음과 같이 생겼다.
size 1: size 2: size 3:
 1
 1 1 1
 1 1 1 1 1
 1 1 1
 1
다이아몬드 광산에서 가장 큰 다이아몬드의 크기를 출력하는 프로그램을 작성하시오.",,첫째 줄에 R과 C가 주어진다. R과 C는 750보다 작거나 같은 자연수이다. 둘째 줄부터 R개의 줄에는 다이아몬드 광산의 모양이 주어진다.,,128 MB,첫째 줄에 다이아몬드 광산에서 가장 큰 다이아몬드의 크기를 출력한다. 만약 다이아몬드가 없을 때는 0을 출력한다.,1028,OJ/archive/problem_1028_ce3941dd705d5a0e.html,2373,"출처
문제를 번역한 사람:
baekjoon",13449,0.75 초,다이아몬드 광산,https://www.acmicpc.net/problem/1028
31.068%,2652,"예술을 사랑하는 사람들이 시장에 모여서 그들의 그림을 서로 거래하려고 한다. 모든 그림의 거래는 다음과 같은 조건을 만족해야 한다.
그림을 팔 때, 그림을 산 가격보다 크거나 같은 가격으로 팔아야 한다.
같은 그림을 두 번 이상 사는 것은 불가능하다.
방금 시장에 새로운 그림이 들어왔다. 1번 아티스트는 그 그림을 외부 상인에게 가격 0을 주고 샀다. 이제 그 그림을 자신의 예술가 친구들에게 팔려고 한다. 위의 조건을 모두 만족하는 거래만 이루어진다고 가정했을 때, 그림을 소유했던 사람의 수의 최댓값을 출력하는 프로그램을 작성하시오. (1번 아티스트와 마지막으로 그 그림을 소유한 사람도 포함한다).",,"첫째 줄에 예술가의 수 N이 주어진다. N은 2보다 크거나 같고, 15보다 작거나 같은 자연수이다.
둘째 줄부터 N개의 줄에는 N개의 수가 주어진다. i번째 줄의 j번째 수는 j번 예술가가 i번 예술가에게 그 그림을 살 때의 가격이다. 모든 가격은 0이 제일 낮은 가격이고, 9가 제일 높은 가격이다.",,128 MB,첫째 줄에 그 그림을 소유 했던 사람들 (잠시라도 소유했던 사람도 포함)의 최댓값을 출력한다.,1029,OJ/archive/problem_1029_f9e5f48a2ef14dde.html,2053,"출처
문제를 번역한 사람:
baekjoon
문제의 오타를 찾은 사람:
qja0950
잘못된 번역을 찾은 사람:
kcm1700",8865,2 초,그림 교환,https://www.acmicpc.net/problem/1029
47.250%,1989,"프렉탈 평면은 다음과 같이 커진다. 시간 0에서 프렉탈은 흰색 정사각형 하나이다. 단위 시간(1)이 진행될 때마다 N×N개의 크기가 동일한 단위 정사각형으로 나누어진다. 만약 나누어진 정사각형이 흰색이라면 가운데 K×K 정사각형이 검정색으로 채워진다. N과 K는 둘 다 홀수이거나, 둘 다 짝수이다.
예를 들어, N=3, K=1이라면, 시간 1에 3×3 정사각형이 된다. 가운데 정사각형은 검정색이고, 나머지는 흰색이 된다. 시간 2때 9×9 정사각형이 되고, 17개는 검정이고, 나머지는 흰색이다.
s, N, K, R
1
, R
2
, C
1
, C
2
가 주어질 때, 시간 s일 때, R
1
행 C
1
열부터 R
2
행 C
2
열까지의 모습을 출력하는 프로그램을 작성하시오.",,"첫째 줄에 7개의 정수 s, N, K, R
1
, R
2
, C
1
, C
2
가 주어진다.","0 ≤ s ≤ 10
3 ≤ N ≤ 8
1 ≤ K ≤ N - 2
(N - K) mod 2 = 0
0 ≤ R
1
, R
2
, C
1
, C
2
≤ N
s
- 1
R
1
≤ R
2
≤ R
1
+ 49
C
1
≤ C
2
≤ C
1
+49",128 MB,"첫째 줄에 문제의 정답을 출력한다. 첫째 줄에 R1행의 모습을 출력하고 이런 식으로 총 R2-R1+1개의 줄에 출력하면 된다. 각 행의 모습을 출력할 때, C1열부터 C2열까지 차례대로 흰색이면 숫자 '0' 검정이면 숫자 '1'을 출력한다. 숫자 사이에 공백을 넣으면 안 된다.",1030,OJ/archive/problem_1030_12e24bda4416c096.html,1615,"출처
문제를 번역한 사람:
baekjoon
문제의 오타를 찾은 사람:
cheetose
잘못된 조건을 찾은 사람:
Apple_Cplus",4379,2 초,프렉탈 평면,https://www.acmicpc.net/problem/1030
29.036%,1047,"서울의 서쪽에서 스타를 가장 잘하는 팀은 지민이의 팀이고, 동쪽에서 가장 잘하는 팀은 한수의 팀이다.
두 사람은 누가 서울에서 가장 스타크래프트를 잘하는지 결정하기 위해 대결을 하기로 했다.
지민이의 팀은 총 N명, 한수의 팀은 총 M명이다. 모든 팀원은 한 사람당 해야 하는 경기의 수가 정해져 있다. 이 숫자는 사람마다 다를 수 있다.
경기 대진표는 다음과 같은 규칙을 지켜서 만들어야 한다.
모든 경기는 지민이의 팀 중 한 명, 한수의 팀 중 한 명이 대결한다.
같은 대결은 최대 한 번 할 수 있다.
모든 팀원은 한 사람당 해야 하는 경기의 수 만큼 경기를 해야 한다.
가능한 경기 대진표가 여러 가지라면 사전 순으로 가장 앞서는 것을 선택한다. 사전 순의 정의는 후술한다.
경기 대진표는 N*M 크기의 행렬이다. 행은 지민이의 팀에 대응하고, 열은 한수의 팀에 대응한다. (i,j)가 1이면 지민이의 팀의 i번 선수와 한수의 팀의 j번 선수가 대결을 하는 것이고, 0이면 대결을 하지 않는 것이다.
대진표의 사전 순 비교는 다음과 같이 정의된다. 두 대진표의 행 중에서 맨 처음으로 다른 행 i를 찾는다. 그리고 나서 그 행에서 가장 처음 다른 열 j를 찾는다. (i,j)가 0인 대진표가 사전 순으로 앞서는 대진표이다.
지민이의 팀의 각 팀원이 해야 하는 경기의 수, 한수의 팀의 각 팀원이 해야 하는 경기의 수가 주어졌을 때, 사전 순으로 가장 앞서는 대진표를 출력하는 프로그램을 작성하시오.",,"첫째 줄에 지민이의 팀의 팀원 수 N과 한수의 팀의 팀원 수 M이 주어진다. 둘째 줄에는 지민이의 팀의 각 팀원이 해야 하는 경기의 수가 주어지고, 셋째 줄에는 한수의 팀의 각 팀원이 해야 하는 경기의 수가 주어진다. N과 M은 50보다 작거나 같은 자연수이고, 경기의 수는 50보다 작거나 같은 자연수 또는 0이다.",,128 MB,대진표를 N개의 줄에 출력한다. 만약 가능한 대진표가 없으면 -1을 출력한다.,1031,OJ/archive/problem_1031_e98cdbb267e7775f.html,831,"출처
문제를 번역한 사람:
baekjoon
문제의 오타를 찾은 사람:
jh05013",4938,2 초,스타 대결,https://www.acmicpc.net/problem/1031
60.457%,27995,"시작 -> 실행 -> cmd를 쳐보자. 검정 화면이 눈에 보인다. 여기서 dir이라고 치면 그 디렉토리에 있는 서브디렉토리와 파일이 모두 나온다. 이때 원하는 파일을 찾으려면 다음과 같이 하면 된다.
dir *.exe라고 치면 확장자가 exe인 파일이 다 나온다. ""dir 패턴""과 같이 치면 그 패턴에 맞는 파일만 검색 결과로 나온다. 예를 들어, dir a?b.exe라고 검색하면 파일명의 첫 번째 글자가 a이고, 세 번째 글자가 b이고, 확장자가 exe인 것이 모두 나온다. 이때 두 번째 문자는 아무거나 나와도 된다. 예를 들어, acb.exe, aab.exe, apb.exe가 나온다.
이 문제는 검색 결과가 먼저 주어졌을 때, 패턴으로 뭘 쳐야 그 결과가 나오는지를 출력하는 문제이다. 패턴에는 알파벳과 ""."" 그리고 ""?""만 넣을 수 있다. 가능하면 ?을 적게 써야 한다. 그 디렉토리에는 검색 결과에 나온 파일만 있다고 가정하고, 파일 이름의 길이는 모두 같다.",,첫째 줄에 파일 이름의 개수 N이 주어진다. 둘째 줄부터 N개의 줄에는 파일 이름이 주어진다. N은 50보다 작거나 같은 자연수이고 파일 이름의 길이는 모두 같고 길이는 최대 50이다. 파일이름은 알파벳 소문자와 '.' 로만 이루어져 있다.,,128 MB,첫째 줄에 패턴을 출력하면 된다.,1032,OJ/archive/problem_1032_0051d4d72d219bb9.html,24526,"출처
문제를 번역한 사람:
baekjoon",47586,2 초,명령 프롬프트,https://www.acmicpc.net/problem/1032
35.895%,3348,"august14는 세상에서 가장 맛있는 칵테일이다. 이 칵테일을 만드는 정확한 방법은 아직 세상에 공개되지 않았지만, 들어가는 재료 N개는 공개되어 있다.
경근이는 인터넷 검색을 통해서 재료 쌍 N-1개의 비율을 알아냈고, 이 비율을 이용해서 칵테일에 들어가는 전체 재료의 비율을 알아낼 수 있다.
총 재료 쌍 N-1개의 비율이 입력으로 주어진다. 이때, 칵테일을 만드는데 필요한 각 재료의 양을 구하는 프로그램을 작성하시오. 이때, 필요한 재료의 질량을 모두 더한 값이 최소가 되어야 한다. 칵테일을 만드는 재료의 양은 정수이고, 총 질량은 0보다 커야한다.
비율은 ""a b p q""와 같은 형식이고, a번 재료의 질량을 b번 재료의 질량으로 나눈 값이 p/q라는 뜻이다.",,"첫째 줄에 august14를 만드는데 필요한 재료의 개수 N이 주어지며, N은 10보다 작거나 같은 자연수이다.
둘째 줄부터 N-1개의 줄에는 재료 쌍의 비율이 한 줄에 하나씩 주어지는데, 문제 설명에 나온 형식인 ""a b p q""로 주어진다. 재료는 0번부터 N-1까지이며, a와 b는 모두 N-1보다 작거나 같은 음이 아닌 정수이다. p와 q는 9보다 작거나 같은 자연수이다.",,128 MB,첫째 줄에 칵테일을 만드는데 필요한 각 재료의 질량을 0번 재료부터 순서대로 공백으로 구분해 출력한다.,1033,OJ/archive/problem_1033_7761ddb54f9a7f1f.html,2597,"출처
문제를 번역한 사람:
baekjoon
빠진 조건을 찾은 사람:
jh05013
,
kcm1700",9932,2 초,칵테일,https://www.acmicpc.net/problem/1033
47.604%,3980,"지민이는 각 칸마다 (1×1크기의 정사각형) 램프가 들어있는 직사각형 모양의 탁자를 샀다. 모든 램프는 켜져있거나 꺼져있다. 각 열의 아래에는 스위치가 하나씩 달려있는데, 이 스위치를 누를 때마다 그 열에 있는 램프의 상태가 바뀐다. 켜져있는 램프는 꺼지고, 꺼져있는 램프는 켜진다)
만약 어떤 행에 있는 램프가 모두 켜져있을 때, 그 행이 켜져있다고 말한다. 지민이는 스위치를 K번 누를 것이다. 서로다른 스위치 K개를 누르지 않아도 된다. 지민이는 스위치를 K번 눌러서 켜져있는 행을 최대로 하려고 한다.
지민이의 탁자에 있는 램프의 상태와 K가 주어졌을 때, 스위치를 K번 누른 후에 켜져있는 행의 최댓값을 구하는 프로그램을 작성하시오.",,"첫째 줄에 N과 M이 주어진다. N은 행의 개수이고, M은 열의 개수이다. N과 M은 50보다 작거나 같은 자연수이다. 둘째 줄부터 N개의 줄에는 램프의 상태가 주어진다. 1이 켜져있는 상태이고, 0이 꺼져있는 상태이다. 마지막 줄에는 K가 주어진다. K는 1,000보다 작거나 같은 자연수 또는 0이다.",,128 MB,첫째 줄에 문제의 정답을 출력한다.,1034,OJ/archive/problem_1034_c46c9bf8dd27faa7.html,3318,"출처
문제를 번역한 사람:
baekjoon",8881,2 초,램프,https://www.acmicpc.net/problem/1034
49.063%,1259,"최대 5개의 조각이 있는 5×5 크기의 보드가 있다. 김지민은 조각을 적절히 움직여서 모든 조각이 연결 요소를 이루게 하려고 한다. 즉 상하좌우로 인접한 조각을 모두 연결했을 때, 모든 쌍의 조각이 적어도 하나의 경로로 연결되어 있어야 한다.
한 번의 이동으로 하나의 조각을 상하좌우로 인접한 칸으로 옮길 수 있다. 보드의 상태가 주어질 때, 최소 몇 번 이동해야 모든 조각이 연결 요소를 이루게 되는지 구하는 프로그램을 작성하시오.",,"첫째 줄부터 다섯째 줄까지 보드의 상태가 주어진다. 빈 곳은 '.'이고, 조각은 '*'이다. 조각은 1개 이상 5개 이하이다.",,512 MB,첫째 줄에 문제의 정답을 출력한다.,1035,OJ/archive/problem_1035_3abe5db0d78813ae.html,943,"출처
문제를 번역한 사람:
baekjoon
문제를 다시 작성한 사람:
jh05013",2758,2 초,조각 움직이기,https://www.acmicpc.net/problem/1035
26.994%,2283,"36진법의 숫자는 0부터 9까지의 수와 알파벳 A에서 Z로 나타낸다. A부터 Z까지 알파벳은 10부터 35에 차례대로 대응한다.
36진법의 수 N개가 주어진다. 36진법 숫자(0-9, A-Z) 중에서 K개의 숫자를 고른다. 그러고 나서 N개의 수 모두에서 나타난 그 숫자를 Z로 바꾼다. 그 이후에 N개의 수를 모두 더한다.
이때 가능한 합의 최댓값을 구하는 프로그램을 작성하시오. 합의 최댓값도 36진수로 출력한다.",,"첫째 줄에 수의 개수 N이 주어진다. 둘째 줄부터 N개의 줄에 수가 주어진다. N은 최대 50이고, 수의 길이도 최대 50이다. 마지막 줄에 K가 주어진다. K는 36보다 작거나 같은 자연수 또는 0이다.",,128 MB,첫째 줄에 문제의 정답을 출력한다.,1036,OJ/archive/problem_1036_6a9b39b981432cc7.html,1760,"출처
문제를 번역한 사람:
baekjoon
문제의 오타를 찾은 사람:
eric00513
,
jh05013
데이터를 추가한 사람:
YunGoon
빠진 조건을 찾은 사람:
clrmt",8540,2 초,36진수,https://www.acmicpc.net/problem/1036
57.620%,51798,"양수 A가 N의 진짜 약수가 되려면, N이 A의 배수이고, A가 1과 N이 아니어야 한다. 어떤 수 N의 진짜 약수가 모두 주어질 때, N을 구하는 프로그램을 작성하시오.",,"첫째 줄에 N의 진짜 약수의 개수가 주어진다. 이 개수는 50보다 작거나 같은 자연수이다. 둘째 줄에는 N의 진짜 약수가 주어진다. 1,000,000보다 작거나 같고, 2보다 크거나 같은 자연수이고, 중복되지 않는다.",,512 MB,첫째 줄에 N을 출력한다. N은 항상 32비트 부호있는 정수로 표현할 수 있다.,1037,OJ/archive/problem_1037_9e7dda60f0dc6148.html,45067,"출처
문제를 번역한 사람:
baekjoon
빠진 조건을 찾은 사람:
doju
어색한 표현을 찾은 사람:
jh05013",90268,2 초,약수,https://www.acmicpc.net/problem/1037
36.699%,13353,"음이 아닌 정수 X의 자릿수가 가장 큰 자릿수부터 작은 자릿수까지 감소한다면, 그 수를 감소하는 수라고 한다. 예를 들어, 321과 950은 감소하는 수지만, 322와 958은 아니다. N번째 감소하는 수를 출력하는 프로그램을 작성하시오. 0은 0번째 감소하는 수이고, 1은 1번째 감소하는 수이다. 만약 N번째 감소하는 수가 없다면 -1을 출력한다.",,"첫째 줄에 N이 주어진다. N은 1,000,000보다 작거나 같은 자연수 또는 0이다.",,512 MB,첫째 줄에 N번째 감소하는 수를 출력한다.,1038,OJ/archive/problem_1038_3cf6e820b85600eb.html,10616,"출처
문제를 번역한 사람:
baekjoon",38087,1 초,감소하는 수,https://www.acmicpc.net/problem/1038
24.843%,5638,"0으로 시작하지 않는 정수 N이 주어진다. 이때, M을 정수 N의 자릿수라고 했을 때, 다음과 같은 연산을 K번 수행한다.
1 ≤ i < j ≤ M인 i와 j를 고른다. 그 다음, i번 위치의 숫자와 j번 위치의 숫자를 바꾼다. 이때, 바꾼 수가 0으로 시작하면 안 된다.
위의 연산을 K번 했을 때, 나올 수 있는 수의 최댓값을 구하는 프로그램을 작성하시오.",,"첫째 줄에 정수 N과 K가 주어진다. N은 1,000,000보다 작거나 같은 자연수이고, K는 10보다 작거나 같은 자연수이다.",,128 MB,"첫째 줄에 문제에 주어진 연산을 K번 했을 때, 만들 수 있는 가장 큰 수를 출력한다. 만약 연산을 K번 할 수 없으면 -1을 출력한다.",1039,OJ/archive/problem_1039_43819fcb872b2b39.html,4232,"출처
문제를 번역한 사람:
baekjoon
문제의 오타를 찾은 사람:
jenny00513
,
jh05013
데이터를 추가한 사람:
raboribus",22812,2 초,교환,https://www.acmicpc.net/problem/1039
26.047%,813,"정수 N이 주어진다. N보다 크거나 같은 수 중에, K개의 서로 다른 숫자로 이루어진 수 중 가장 작은 수를 출력하는 프로그램을 작성하시오.",,"첫째 줄에 N과 K가 주어진다. N은 10
18
보다 작거나 같은 자연수이다. K는 10보다 작거나 같은 자연수이다.",,128 MB,첫째 줄에 문제의 정답을 출력한다.,1040,OJ/archive/problem_1040_1331379a939f742e.html,659,"출처
문제를 번역한 사람:
baekjoon
문제의 오타를 찾은 사람:
79brue
데이터를 추가한 사람:
YunGoon",4485,2 초,정수,https://www.acmicpc.net/problem/1040
29.936%,8167,"+---+ 
 | D | 
+---+---+---+---+
| E | A | B | F |
+---+---+---+---+
 | C | 
 +---+
주사위는 위와 같이 생겼다. 주사위의 여섯 면에는 수가 쓰여 있다. 위의 전개도를 수가 밖으로 나오게 접는다.
A, B, C, D, E, F에 쓰여 있는 수가 주어진다.
지민이는 현재 동일한 주사위를 N
3
개 가지고 있다. 이 주사위를 적절히 회전시키고 쌓아서, N×N×N크기의 정육면체를 만들려고 한다. 이 정육면체는 탁자위에 있으므로, 5개의 면만 보인다.
N과 주사위에 쓰여 있는 수가 주어질 때, 보이는 5개의 면에 쓰여 있는 수의 합의 최솟값을 출력하는 프로그램을 작성하시오.",,"첫째 줄에 N이 주어진다. 둘째 줄에 주사위에 쓰여 있는 수가 주어진다. 위의 그림에서 A, B, C, D, E, F에 쓰여 있는 수가 차례대로 주어진다. N은 1,000,000보다 작거나 같은 자연수이고, 쓰여 있는 수는 50보다 작거나 같은 자연수이다.",,128 MB,첫째 줄에 문제의 정답을 출력한다.,1041,OJ/archive/problem_1041_364a58d82edd1e01.html,6978,"출처
문제를 번역한 사람:
baekjoon
문제의 오타를 찾은 사람:
cozyyg
,
jh05013",27433,2 초,주사위,https://www.acmicpc.net/problem/1041
39.821%,294,"DNA 문자열은 뉴클레오타이드(A, C, G, T)로 이루어진 문자열이다. 어떤 DNA 문자열은 단백질로 바꿀 수 있는데, 이것은 아미노산으로 이루어진 길이가 0이 아닌 수열이다. DNA 변환 과정을 살펴보자.
뉴클레오타이드를 왼쪽부터 차례대로 3개씩 겹치지 않게 자른다. 3개씩 잘라서 만든 조각 각각을 코돈이라고 한다. 마지막에 한 개 또는 두 개의 뉴클레오타이드가 남으면 무시한다. 예를 들어, DNA 문자열이 ACCTGTACG라면 ACC, TGT, ACG 코돈이 순서대로 나오고, 문자열이 ACCTGTAC라면 ACC, TGT 코돈이 순서대로 나오고 AC는 무시된다.
코돈 변환 표가 주어진다. 이제 왼쪽부터 차례대로 코돈 변환 표에서 그 코돈을 찾아서 대응하는 아미노산으로 바꾸면 된다. 만약 대응하는 것이 없다면, 이 문자열은 단백질로 변환되지 못한다. 예를 들어, ACC가 thr에 대응하고, TGT가 cys에 대응하고, ACG가 thr에 대응한다면, DNA 문자열 ACCTGTACG는 thr cys thr로 변환될 것이다.
가끔 DNA 문자열 중 하나 이상의 뉴클레오타이드가 사라지기도 한다. 이러한 현상을 결실이라고 한다. 예를 들어, DNA 문자열이 ACTG인데 결실이 일어난다면 ACG나 CG 등이 될 수 있다.
DNA 문자열과 코돈 변환 표가 주어졌을 때, 결실이 0번 이상 일어났을 때 나올 수 있는 서로 다른 단백질이 몇 개인지 출력하는 프로그램을 작성하시오.",,"첫째 줄에 DNA 문자열이 주어진다. 길이는 최대 2,500이다. 둘째 줄에는 코돈 변환 표에 들어있는 코돈의 개수 M이 주어지고, 이 수는 50보다 작거나 같다. 셋째 줄부터 M개의 줄에는 코돈 변환 표가 주어지는데, 각 줄에는 코돈과 아미노산이 순서대로 주어진다. 코돈은 A, C, G, T로만 이루어진 길이가 3인 문자열이고, 아미노산은 알파벳 소문자 또는 대문자로 이루어진 길이가 최대 20인 비어있지 않은 문자열이다. 코돈 변환 표에서 중복되는 코돈은 주어지지 않는다.",,128 MB,"첫째 줄에 서로 다른 단백질 개수를 1,000,000,007로 나눈 나머지를 출력한다.",1042,OJ/archive/problem_1042_2259fc3a6023dacb.html,223,"출처
문제를 번역한 사람:
baekjoon
문제의 오타를 찾은 사람:
kks227
,
tjdwo5313
잘못된 데이터를 찾은 사람:
cki86201
,
jseo
문제를 다시 작성한 사람:
jh05013",957,2 초,움,https://www.acmicpc.net/problem/1042
47.441%,22648,"지민이는 파티에 가서 이야기 하는 것을 좋아한다. 파티에 갈 때마다, 지민이는 지민이가 가장 좋아하는 이야기를 한다. 지민이는 그 이야기를 말할 때, 있는 그대로 진실로 말하거나 엄청나게 과장해서 말한다. 당연히 과장해서 이야기하는 것이 훨씬 더 재미있기 때문에, 되도록이면 과장해서 이야기하려고 한다. 하지만, 지민이는 거짓말쟁이로 알려지기는 싫어한다. 문제는 몇몇 사람들은 그 이야기의 진실을 안다는 것이다. 따라서 이런 사람들이 파티에 왔을 때는, 지민이는 진실을 이야기할 수 밖에 없다. 당연히, 어떤 사람이 어떤 파티에서는 진실을 듣고, 또다른 파티에서는 과장된 이야기를 들었을 때도 지민이는 거짓말쟁이로 알려지게 된다. 지민이는 이런 일을 모두 피해야 한다.
사람의 수 N이 주어진다. 그리고 그 이야기의 진실을 아는 사람이 주어진다. 그리고 각 파티에 오는 사람들의 번호가 주어진다. 지민이는 모든 파티에 참가해야 한다. 이때, 지민이가 거짓말쟁이로 알려지지 않으면서, 과장된 이야기를 할 수 있는 파티 개수의 최댓값을 구하는 프로그램을 작성하시오.",,"첫째 줄에 사람의 수 N과 파티의 수 M이 주어진다.
둘째 줄에는 이야기의 진실을 아는 사람의 수와 번호가 주어진다. 진실을 아는 사람의 수가 먼저 주어지고 그 개수만큼 사람들의 번호가 주어진다. 사람들의 번호는 1부터 N까지의 수로 주어진다.
셋째 줄부터 M개의 줄에는 각 파티마다 오는 사람의 수와 번호가 같은 방식으로 주어진다.
N, M은 50 이하의 자연수이고, 진실을 아는 사람의 수는 0 이상 50 이하의 정수, 각 파티마다 오는 사람의 수는 1 이상 50 이하의 정수이다.",,128 MB,첫째 줄에 문제의 정답을 출력한다.,1043,OJ/archive/problem_1043_40d310d001aaa44f.html,17464,"출처
문제를 번역한 사람:
baekjoon
,
doju
잘못된 번역을 찾은 사람:
koosaga",47859,2 초,거짓말,https://www.acmicpc.net/problem/1043
18.259%,532,"팀원의 수가 서로 같은 팀을 만들려고 하는 두 명의 대장이 있다. 선수는 현재 N명이 있고, 두 팀장은 각 선수에게 자기 나름대로의 점수를 매겼다. 각 팀의 점수는 그 팀의 팀장이 자신의 팀원에게 매긴 점수의 합이다. 모든 선수는 두 팀 중 하나에 속해야 하고, 이제 두 팀의 점수의 차이가 최소가 되게 팀을 나눠야 한다. 각 선수가 무슨 팀에 속해야 두 팀의 점수의 차이가 최소가 되는지를 구하는 프로그램을 작성하시오.",,"첫째 줄에 선수의 수 N이 주어진다. N은 2보다 크거나 같고, 36보다 작거나 같은 짝수이다. 둘째 줄에는 팀장1이 각 선수에게 매긴 점수가 주어지고, 셋째 줄에는 팀장2가 각 선수에게 매긴 점수가 주어진다. 모든 점수는 10
15
보다 작거나 같은 자연수이다.",,128 MB,"첫째 줄에 선수1부터 각 선수가 어떤 팀에 속해야 하는지 출력한다. 팀장1의 팀이 팀 1이며, 팀장2의 팀이 팀 2이다. 만약 그러한 것이 여러 개라면 사전순으로 앞서는 것을 출력한다.",1044,OJ/archive/problem_1044_5332a9df292bcd93.html,388,"출처
문제를 번역한 사람:
baekjoon",3101,2 초,팀 선발,https://www.acmicpc.net/problem/1044
33.865%,854,"0부터 N-1까지의 번호가 매겨져 있는 N개의 도시와 두 도시를 연결하는 도로가 있다. 도로에는 우선순위가 있는데, A와 B가 (A < B) 도로 x로 연결되어 있고, C와 D가 (C < D) 도로 y로 연결되어 있을 때, 튜플 (A, B) < (C, D)이면 x > y, 즉 x의 우선순위가 더 높다. 여기서 a
i
≠ b
i
인 가장 작은 양의 정수 i에 대해 a
i
< b
i
이면 (a
1
, ..., a
k
) < (b
1
, ..., b
k
)로 정의한다.
도로의 집합은 하나 이상의 도로가 우선순위에 대한 내림차순으로 정렬되어 있는 것이다. 집합 사이에도 우선순위가 있는데, 두 집합을 튜플로 나타냈을 때의 우선순위를 따른다. 한 집합에 있는 도로만으로 임의의 도시에서 임의의 도시로 이동할 수 있을 때, 그 집합은 연결되어 있다고 한다.
김지민이 할 일은 M개의 도로를 가진 도로의 집합 중 연결되어 있으면서 우선 순위가 가장 높은 것을 찾는 것이다.",,"첫째 줄에 도시의 개수 N과 M이 주어진다. N은 50보다 작거나 같은 자연수이고, M은 N-1보다 크거나 같고, 1,000보다 작거나 같은 정수이다. 둘째 줄부터 N개의 줄에는 인접행렬이 주어진다. 즉 i번째 행의 j번째 열이 Y이면 도시 i와 j를 연결하는 도로가 존재하고, N이면 존재하지 않는다. i와 j가 연결되어 있으면 j와 i도 연결되어 있음이 보장되고, i와 i는 연결되어 있지 않다.",,128 MB,"만약 정답이 없을 때는 -1을 출력한다. 정답이 존재하면, 그 집합에 속하는 도로 중 0을 끝점으로 갖는 도로의 개수, 1을 끝점으로 갖는 도로의 개수, ..., N-1을 끝점으로 갖는 도로의 개수를 차례로 출력한다.",1045,OJ/archive/problem_1045_78faf68df74dc15a.html,680,"출처
문제를 번역한 사람:
baekjoon
문제를 다시 작성한 사람:
jh05013",2560,2 초,도로,https://www.acmicpc.net/problem/1045
28.592%,298,"크기가 N×M인 직사각형 모양의 방이 있고, 방은 1×1크기의 단위 정사각형으로 나누어져 있다. '.'는 빈 칸, '#'는 벽, '*'는 광원을 의미한다. 방에 광원은 하나만 있다. 방의 어떤 점과 광원을 일직선으로 이었을 때, 벽에 의해서 가로막히지 않는다면, 그곳에는 빛이 도달할 수 있다. 그 외의 빈 공간과 벽은 모두 그림자이다. 방의 정보가 주어졌을 때, 그림자의 넓이를 구해보자.
예를 들어, 다음과 같이 생긴 방을 보자.
벽이 차지하는 넓이는 5, 빛이 도달하지 못하는 빈 공간의 넓이는 8.5이기 때문에, 이 경우 그림자의 넓이는 13.5이다.",,"첫째 줄에 N과 M이 주어진다. N과 M은 50보다 작거나 같은 자연수이다. 둘째 줄부터 N개의 줄에 방의 모양이 주어진다. ‘.’은 빈칸, ‘#’은 벽, ‘*’은 광원이다.",,128 MB,"첫째 줄에 문제의 정답을 출력한다. 절대/상대 오차는 10
-9
까지 허용한다.",1046,OJ/archive/problem_1046_95c68d7f5850bfd5.html,197,"출처
문제를 번역한 사람:
baekjoon",1400,2 초,그림자,https://www.acmicpc.net/problem/1046
36.070%,672,"은진이의 집 앞에는 많은 나무가 심어져 있는 아름다운 정원이 있다.
최근에 새로운 법이 제정되었다. 이 법은 모든 정원은 울타리로 둘러쌓여야 한다는 법이다. 울타리는 반드시 변이 축에 평행한 직사각형 모양이어야 한다. 모든 나무는 울타리의 안에 있거나, 울타리의 경계에 접해 있어야 한다.
이러한 새로운 법을 듣게된 은진이는 마음이 아팠다. 안타깝게도, 은진이는 울타리를 만들 나무를 살 돈이 없다. 따라서, 은진이는 정원에 심어져있는 나무를 조금 잘라 울타리를 만드는 방법밖에 없다.
각 나무가 심어져 있는 (x, y)위치와, 나무를 베었을 때, 만들 수 있는 울타리의 길이가 주어진다.
은진이는 나무를 매우 사랑하기 때문에, 나무를 되도록이면 조금만 나무를 벌목하려고 한다. 은진이가 새로운 법을 지키기 위해 잘라야 하는 나무 개수의 최솟값을 구하는 프로그램을 작성하시오.
가로 세로의 길이 중 하나가 0이어도 직사각형이며, 모두 0이어도 직사각형이다.",,"첫째 줄에 N이 주어진다. N은 2보다 크거나 같고, 40보다 작거나 같은 자연수이다. 둘째 줄부터 N개의 줄에 각 나무가 심어져 있는 위치와 그 나무로 만들 수 있는 울타리의 길이가 순서대로 주어진다. 모든 값은 1,000,000보다 작거나 같은 자연수이다. 모든 나무의 x좌표는 같지 않고, y좌표도 같지 않다.",,128 MB,첫째 줄에 문제의 정답을 출력한다.,1047,OJ/archive/problem_1047_dbb2e3a01c312e0e.html,536,"출처
문제를 번역한 사람:
baekjoon
빠진 조건을 찾은 사람:
koosaga",2377,2 초,울타리,https://www.acmicpc.net/problem/1047
34.337%,368,"유니콘은 체스에서 나이트와 비슷한 말이다. 단, 나이트는 두 칸을 한 방향으로 움직이고, 또 다른 한 칸을 다른 방향으로 움직이지만, 유니콘은 두 칸보다 많은 칸을 한 방향으로 움직이고, 한 칸보다 많은 칸을 또다른 방향으로 움직인다.
좀 더 정확하게 유니콘이 움직이는 방법을 살펴보면 다음과 같다.
유니콘을 든다.
유니콘을 $4$개의 기본 방향 중 하나로 두 칸보다 많이 움직인다.
유니콘을 방금 움직인 방향과 수직인 방향 $2$개 중 하나로 한 칸보다 많이 움직인다.
유니콘을 놓는다.
체스판의 크기는 $N \times M$이다. 체스판의 각 칸에는 알파벳 대문자의 처음 $L$개의 문자 중 하나가 쓰여 있다.
$N$, $M$, $L$, 그리고 단어가 주어진다. 유니콘이 움직인 경로 (유니콘을 놓은 곳)가 입력으로 주어진 단어와 일치하는 경우의 수를 출력하는 프로그램을 작성하시오.",,"첫째 줄에 $N$, $M$, $L$이 주어진다. $N$과 $M$은 $300$보다 작거나 같은 자연수이다. $L$은 $26$보다 작거나 같은 자연수이다. 둘째 줄에 단어가 주어진다. 단어의 길이는 최대 $50$이며, 알파벳 대문자로만 이루어져 있다. 셋째 줄 부터 $N$개의 줄에 체스판에 쓰여 있는 단어가 주어진다.",,128 MB,"첫째 줄에 경로를 $1\,000\,000\,007$로 나눈 나머지를 출력한다.",1048,OJ/archive/problem_1048_18da2e83e9321ebf.html,308,"출처
문제를 번역한 사람:
baekjoon
문제의 오타를 찾은 사람:
jh05013",1258,2 초,유니콘,https://www.acmicpc.net/problem/1048
43.572%,17383,"Day Of Mourning의 기타리스트 강토가 사용하는 기타에서 N개의 줄이 끊어졌다. 따라서 새로운 줄을 사거나 교체해야 한다. 강토는 되도록이면 돈을 적게 쓰려고 한다. 6줄 패키지를 살 수도 있고, 1개 또는 그 이상의 줄을 낱개로 살 수도 있다.
끊어진 기타줄의 개수 N과 기타줄 브랜드 M개가 주어지고, 각각의 브랜드에서 파는 기타줄 6개가 들어있는 패키지의 가격, 낱개로 살 때의 가격이 주어질 때, 적어도 N개를 사기 위해 필요한 돈의 수를 최소로 하는 프로그램을 작성하시오.",,"첫째 줄에 N과 M이 주어진다. N은 100보다 작거나 같은 자연수이고, M은 50보다 작거나 같은 자연수이다. 둘째 줄부터 M개의 줄에는 각 브랜드의 패키지 가격과 낱개의 가격이 공백으로 구분하여 주어진다. 가격은 0보다 크거나 같고, 1,000보다 작거나 같은 정수이다.",,128 MB,첫째 줄에 기타줄을 적어도 N개 사기 위해 필요한 돈의 최솟값을 출력한다.,1049,OJ/archive/problem_1049_3aa8c5cac3f04add.html,15159,"출처
문제를 번역한 사람:
baekjoon
문제의 오타를 찾은 사람:
djm03178
,
jenny00513
,
jh05013
,
wdh2100
데이터를 추가한 사람:
drwolf1999
,
jh05013",39832,2 초,기타줄,https://www.acmicpc.net/problem/1049
